k, d, eigenvectors, rand
3, None, 2, 0.28915961063265805
3, None, 3, 0.38488138113558296
3, None, 4, 0.5247131156026261
3, None, 5, 0.4900618290421381
3, None, 6, 0.5212457223862366
3, None, 7, 0.6408013718318064
3, None, 8, 0.5749934584340691
3, None, 9, 0.5637025932464547
3, None, 10, 0.5970996153925824
