k, n, p, q, poverq, eigenvectors, conductance, rand
5, 1000, 0.01, 0.001, 10.0, 1, 0.9474027622503941, 0.6574567073414683
5, 1000, 0.01, 0.001, 10.0, 2, 0.6436893037077096, 0.8146371834366872
5, 1000, 0.01, 0.001, 10.0, 3, 0.3756434337075715, 0.9512978275655131
5, 1000, 0.01, 0.001, 10.0, 4, 0.31325660254706367, 0.9812917143428687
5, 1000, 0.01, 0.001, 10.0, 5, 0.28187226965267426, 0.995807473494699
